Track,Artist
Babe,Styx
The Rose,Bette Midler
Cars,Gary Numan
Magic,Olivia Newton-John
We Don’t Talk Anymore,Cliff Richard
Desire,Andy Gibb
Real Love,Doobie Brothers
Rock With You,Michael Jackson
Sara,Fleetwood Mac
Upside Down,Diana Ross
Escape (THE Piña Colada Song),Rupert Holmes
Him,Rupert Holmes
Lady,Kenny Rogers
It’s Still Rock And Roll To Me,Billy Joel
On The Radio,Donna Summer
Still,Commodores
Another One Bites The Dust,Queen
Longer,Dan Fogelberg
Please Don’t Go,KC and the Sunshine Band
All Out Of Love,Air Supply
Call Me,Blondie
Crazy Little Thing Called Love,Queen
Daydream Believer,Anne Murray
Cruisin’,Smokey Robinson
Dreaming,Cliff Richard
More Love,Kim Carnes
This Is It,Kenny Loggins
Woman In Love,Barbra Streisand
Fire Lake,Bob Seger and the Silver Bullet Band
Sailing,Christopher Cross
Against The Wind,Bob Seger and the Silver Bullet Band
Biggest Part Of Me,Ambrosia
Do That To Me One More Time,Captain & Tennille
I Can’t Tell You Why,Eagles
Ride Like The Wind,Christopher Cross
Coward Of The County,Kenny Rogers
How Do I Make You,Linda Ronstadt
Jane,Jefferson Starship
Off The Wall,Michael Jackson
Shining Star,The Manhattans
The Wanderer,Donna Summer
Don’t Do Me Like That,Tom Petty and the Heartbreakers
Give Me The Night,George Benson
Lost In Love,Air Supply
You May Be Right,Billy Joel
Fame,Irene Cara
Hurt So Bad,Linda Ronstadt
Coming Up,Paul McCartney
Funkytown,Lipps Inc
Ladies’ Night,Kool & the Gang
Master Blaster (JAMMIN’),Stevie Wonder
Stomp!,The Brothers Johnson
Let My Love Open The Door,Pete Townshend
One Fine Day,Carole King
Steal Away,Robbie Dupree
The Long Run,Eagles
Cool Change,Little River Band
Into The Night,Benny Mardones
She’s Out Of My Life,Michael Jackson
Drivin’ My Life Away,Eddie Rabbitt
Head Games,Foreigner
I Wanna Be Your Lover,Prince
Lookin’ For Love,Johnny Lee
Late In The Evening,Paul Simon
Little Jeannie,Elton John
Sexy Eyes,Dr. Hook
Too Hot,Kool & the Gang
"Yes, I’m Ready",Teri DeSario & KC
Emotional Rescue,The Rolling Stones
He’s So Shy,the Pointer Sisters
The Second Time Around,Shalamar
"Working My Way Back To You/Forgive Me, Girl",The Spinners
Xanadu,Olivia Newton-John / Electric Light Orchestra
Look What You’ve Done To Me,Boz Scaggs
Jesse,Carly Simon
All Over The World,Electric Light Orchestra
An American Dream,The Dirt Band
Tired Of Toein’ The Line,Rocky Burnette
Better Love Next Time,Dr. Hook
Hot Rod Hearts,Robbie Dupree
No More Tears (ENOUGH Is Enough),Barbra Streisand & Donna Summer
Let Me Love You Tonight,Pure Prairie League
Hold On To My Love,Jimmy Ruffin
I’m Alright,Kenny Loggins
Let’s Get Serious,Jermaine Jackson
Breakdown Dead Ahead,Boz Scaggs
With You I’m Born Again,Billy Preston and Syreeta
Send One Your Love,Stevie Wonder
Cupid/I’ve Loved You For A Long Time,The Spinners
Special Lady,"Ray, Goodman & Brown"
Never Knew Love Like This Before,Stephanie Mills
Take Your Time (DO It Right),The SOS Band
You’re Only Lonely,J.D. Souther
Pilot Of The Airwaves,Charlie Dore
"Another Brick In The Wall, Part Ii",Pink Floyd
Romeo’s Tune,Steve Forbert
I’m Coming Out (#5*),Diana Ross
Brass In Pocket (I’M Special),The Pretenders
Don’t Fall In Love With A Dreamer,Kenny Rogers & Kim Carnes
You’re The Only Woman (YOU & I),Ambrosia
Together,Tierra
I Love You,Climax Blues Band
Time,The Alan Parsons Project
Woman,John Lennon
You Make My Dreams,Daryl Hall & John Oates
Elvira,The Oak Ridge Boys
Guilty,Barbra Streisand & Barry Gibb
Passion,Rod Stewart
America,Neil Diamond
9 To 5,Dolly Parton
Hearts,Marty Balin
Start Me Up,the Rolling Stones
Bette Davis Eyes,Kim Carnes
Physical,Olivia Newton-John
Lady,Kenny Rogers
Keep On Loving You,REO Speedwagon
Slow Hand,The Pointer Sisters
The Winner Takes It All,ABBA
Crying,Don McLean
"De Do Do Do, De Da Da Da",The Police
Just The Two Of Us,"Grover Washington, Jr. & Bill Withers"
Another One Bites The Dust,Queen
Hungry Heart,Bruce Springsteen
Rapture,Blondie
Hit Me With Your Best Shot,Pat Benatar
Waiting For A Girl Like You,Foreigner
Celebration,Kool & the Gang
Hold On Tight,Electric Light Orchestra
Private Eyes,Daryl Hall & John Oates
Sweetheart,Franke and the Knockouts
Take It On The Run,REO Speedwagon
Time Is Time,Andy Gibb
Here I Am (JUST When I Thought I Was Over You),Air Supply
Angel Of The Morning,Juice Newton
Every Woman In The World,Air Supply
Hey Nineteen,Steely Dan
I Love A Rainy Night,Eddie Rabbitt
Kiss On My List,Daryl Hall & John Oates
Stop Draggin’ My Heart Around,Stevie Nicks with Tom Petty & the Heartbreakers
Morning Train (NINE To Five),Sheena Easton
Tell It Like It Is,Heart
The One That You Love,Air Supply
Urgent,Foreigner
For Your Eyes Only,Sheena Easton
Step By Step,Eddie Rabbitt
Master Blaster (JAMMIN’),Stevie Wonder
Too Much Time On My Hands,Styx
I Don’t Need You,Kenny Rogers
Queen Of Hearts,Juice Newton
(JUST Like) Starting Over,John Lennon
Ain’t Even Done With The Night,John Cougar
Cool Love,Pablo Cruise
Endless Love,Diana Ross & Lionel Richie
Hard To Say,Dan Fogelberg
Watching The Wheels,John Lennon
Lady (YOU Bring Me Up),Commodores
The Tide Is High,Blondie
Being With You,Smokey Robinson
What Kind Of Fool,Barbra Streisand & Barry Gibb
While You See A Chance,Steve Winwood
All Those Years Ago,George Harrison
The Best Of Times,Styx
I Can’t Stand It,Eric Clapton
More Than I Can Say,Leo Sayer
A Woman Needs Love (JUST Like You Do),"Ray Parker, Jr. & Raydio"
Her Town Too,James Taylor & J.D. Souther
Living Inside Myself,Gino Vannelli
Hello Again,Neil Diamond
How ‘BOUT Us,Champaign
The Night Owls,Little River Band
A Little In Love,Cliff Richard
Love On The Rocks,Neil Diamond
This Little Girl,Gary U.S. Bonds
When She Was My Girl,Four Tops
Miss Sun,Boz Scaggs
Sukiyaki,A Taste of Honey
I Made It Through The Rain,Barry Manilow
Somebody’s Knockin’,Terri Gibbs
Tryin’ To Live My Life Without You (LIVE),Bob Seger & the Silver Bullet Band
Same Old Lang Syne,Dan Fogelberg
Gemini Dream,Moody Blues
Share Your Love With Me,Kenny Rogers
Giving It Up For Your Love,Delbert McClinton
I Ain’t Gonna Stand For It,Stevie Wonder
The Boy From New York City,The Manhattan Transfer
It’s My Turn,Diana Ross
Theme From Hill Street Blues,Mike Post featuring Larry Carlton
What Are We Doin’ In Love,Dottie West with Kenny Rogers
Who’s Crying Now,Journey
Jessie’s Girl,Rick Springfield
Theme From The Greatest American Hero (BELIEVE It Or Not),Joey Scarbury
Stars On 45 Medley,Stars on 45
(THERE’S) No Gettin’ Over Me,Ronnie Milsap
The Beach Boys Medley,The Beach Boys
Don’t Stand So Close To Me,The Police
We’re In This Love Together,Al Jarreau
Super Freak (PART 1),Rick James
I’ve Done Everything For You,Rick Springfield
The Breakup Song (THEY Don’t Write ‘EM),The Greg Kihn Band
Arthur’s Theme (BEST That You Can Do),Christopher Cross
Do I Do,Stevie Wonder
Trouble,Lindsey Buckingham
Tainted Love,Soft Cell
I Love Rock ‘N Roll,Joan Jett & The Blackhearts
"Oh, Pretty Woman",Van Halen
Heart Attack,Olivia Newton-John
Mirror Mirror,Diana Ross
Open Arms,Journey
Physical,Olivia Newton-John
Eye Of The Tiger,Survivor
Sweet Dreams,Air Supply
Who Can It Be Now?,Men at Work
Hold Me,Fleetwood Mac
Jack & Diane,John Cougar
The Other Woman,Ray Parker Jr.
Oh No,Commodores
Rosanna,Toto
Think I’m In Love,Eddie Money
Eye In The Sky,Alan Parsons Project
Centerfold,J. Geils Band
Edge Of Seventeen,Stevie Nicks
Hold On,Santana
Making Love,Roberta Flack
Waiting For A Girl Like You,Foreigner
HURTS SO GOOD,John Cougar
Up Where We Belong,Joe Cocker & Jennifer Warnes
Abracadabra,Steve Miller Band
Gloria,Laura Branigan
Heat Of The Moment,Asia
Get Down On It,Kool & the Gang
I Can’t Go For That (NO Can Do),Daryl Hall & John Oates
Somebody’s Baby,Jackson Browne
That Girl,Stevie Wonder
Vacation,The Go-Go’s
Even The Nights Are Better,Air Supply
Only The Lonely,The Motels
Always On My Mind,Willie Nelson
Blue Eyes,Elton John
Caught Up In You,38 Special
Goin’ Down,Greg Guidry
Through The Years,Kenny Rogers
You Can Do Magic,America
867-5309/Jenny,Tommy Tutone
Cool Night,Paul Davis
Do You Believe In Love,Huey Lewis and the News
I Ran (SO Far Away),A Flock of Seagulls
Waiting On A Friend,The Rolling Stones
Crimson And Clover,Joan Jett & The Blackhearts
Leader Of The Band,Dan Fogelberg
You Could Have Been With Me,Sheena Easton
Ebony And Ivory,Paul McCartney and Stevie Wonder
Turn Your Love Around,George Benson
We Got The Beat,The Go-Go’s
Break It To Me Gently,Juice Newton
Leather And Lace,Stevie Nicks and Don Henley
Shake It Up,The Cars
Let It Whip,Dazz Band
Should I Do It,The Pointer Sisters
Key Largo,Bertie Higgins
Truly (#1*),Lionel Richie
Harden My Heart,Quarterflash
Why Do Fools Fall In Love?,Diana Ross
Freeze-Frame,J. Geils Band
Personally,Karla Bonoff
Body Language,Queen
Wasted On The Way,"Crosby, Stills & Nash"
Empty Garden (HEY Hey Johnny),Elton John
Young Turks,Rod Stewart
Don’t Stop Believin’,Journey
Don’t Talk To Strangers,Rick Springfield
Love Will Turn You Around,Kenny Rogers
Any Day Now,Ronnie Milsap
Take It Easy On Me,Little River Band
Take It Away,Paul McCartney
Don’t You Want Me,Human League
What’s Forever For,Michael Murphey
Bobbie Sue,Oak Ridge Boys
Man On Your Mind,Little River Band
65 Love Affair,Paul Davis
Chariots Of Fire,Vangelis
You Should Hear How She Talks About You,Melissa Manchester
Did It In A Minute,Daryl Hall & John Oates
Keep The Fire Burnin’,REO Speedwagon
Love Is In Control (FINGER On The Trigger),Donna Summer
Comin’ In And Out Of Your Life,Barbra Streisand
Hard To Say I’m Sorry,Chicago
Make A Move On Me,Olivia Newton-John
Heartlight,Neil Diamond
I Keep Forgettin’ (EVERY Time You’re Near),Michael McDonald
Pac-Man Fever,Buckner & Garcia
Yesterday’s Songs,Neil Diamond
Someone Could Lose A Heart Tonight,Eddie Rabbitt
It’s Gonna Take A Miracle,Deniece Williams
I’ve Never Been To Me,Charlene
Let’s Groove,"Earth, Wind & Fire"
Hooked On Classics,Royal Philharmonic Orchestra
Spirits In The Material World,The Police
Love’s Been A Little Bit Hard On Me,Juice Newton
The Sweetest Thing (I’VE Ever Known),Juice Newton
My Love,Lionel Richie
Every Breath You Take,The Police
Africa,Toto
One On One,Daryl Hall & John Oates
Sweet Dreams (ARE Made Of This),Eurythmics
Uptown Girl,Billy Joel
Maneater,Daryl Hall & John Oates
Billie Jean,Michael Jackson
Heart To Heart,Kenny Loggins
You Are,Lionel Richie
Down Under,Men at Work
Total Eclipse Of The Heart,Bonnie Tyler
Beat It,Michael Jackson
You Can’t Hurry Love,Phil Collins
Come On Eileen,Dexys Midnight Runners
Flashdance… What A Feeling,Irene Cara
Maniac,Michael Sembello
"Promises, Promises",Naked Eyes
TRUE,Spandau Ballet
Heartbreaker,Dionne Warwick
Hungry Like The Wolf,Duran Duran
Rock The Casbah,The Clash
Separate Ways (WORLDS Apart),Journey
Islands In The Stream,Kenny Rogers with Dolly Parton
Making Love Out Of Nothing At All,Air Supply
Sexual Healing,Marvin Gaye
You And I,Eddie Rabbitt and Crystal Gayle
Cum On Feel The Noize,Quiet Riot
How Am I Supposed To Live Without You,Laura Branigan
Faithfully,Journey
Human Nature,Michael Jackson
Straight From The Heart,Bryan Adams
Truly,Lionel Richie
Gloria,Laura Branigan
Do You Really Want To Hurt Me,Culture Club
Burning Down The House,Talking Heads
Our House,Madness
Pass The Dutchie,Musical Youth
The Girl Is Mine,Michael Jackson and Paul McCartney
I’m Still Standing,Elton John
1999,Prince
Say Say Say,Paul McCartney & Michael Jackson
"Tonight, I Celebrate My Love",Peabo Bryson and Roberta Flack
Always Something There To Remind Me,Naked Eyes
Overkill,Men at Work
Wanna Be Startin’ Somethin’,Michael Jackson
"Baby, Come To Me",Patti Austin and James Ingram
Back On The Chain Gang,The Pretenders
China Girl,David Bowie
Solitaire,Laura Branigan
Dirty Laundry,Don Henley
Never Gonna Let You Go,Sérgio Mendes
Too Shy,Kajagoogoo
All Night Long (ALL Night),Lionel Richie
Delirious,Prince
Puttin’ On The Ritz,Taco
I Won’t Hold You Back,Toto
Mickey,Toni Basil
Mr. Roboto,Styx
She Works Hard For The Money,Donna Summer
All Right,Christopher Cross
One Thing Leads To Another,the Fixx
Stand Back,Stevie Nicks
Tell Her About It,Billy Joel
The Safety Dance,Men Without Hats
Time (CLOCK Of The Heart),Culture Club
Don’t Cry,Asia
Electric Avenue,Eddy Grant
Jeopardy,The Greg Kihn Band
She Blinded Me With Science,Thomas Dolby
She’s A Beauty,The Tubes
Steppin’ Out,Joe Jackson
The Other Guy,Little River Band
Twilight Zone,Golden Earring
Allentown,Billy Joel
Little Red Corvette,Prince
Shame On The Moon,Bob Seger & The Silver Bullet Band
Come Dancing,The Kinks
Goody Two-Shoes,Adam Ant
Stray Cat Strut,Stray Cats
Your Love Is Driving Me Crazy,Sammy Hagar
I Know There’s Something Going On,Frida
(KEEP Feeling) Fascination,Human League
Rock This Town,Stray Cats
Affair Of The Heart,Rick Springfield
Der Kommissar,After the Fire
Family Man,Daryl Hall & John Oates
Suddenly Last Summer,the Motels
Hot Girls In Love,Loverboy
Let’s Dance,David Bowie
Lawyers In Love,Jackson Browne
(SHE’S) Sexy + 17,Stray Cats
Far From Over,Frank Stallone
Telefone (LONG Distance Love Affair),Sheena Easton
Is There Something I Should Know?,Duran Duran
King Of Pain,The Police
Don’t Let It End,Styx
We’ve Got Tonight,Kenny Rogers and Sheena Easton
It’s A Mistake,Men at Work
I’ll Tumble 4 Ya,Culture Club
Cruel Summer,Bananarama
Girls Just Want To Have Fun,Cyndi Lauper
Uptown Girl,Billy Joel
Dancing In The Dark,Bruce Springsteen
Time After Time,Cyndi Lauper
Borderline,Madonna
Wake Me Up Before You Go-Go,Wham!
Drive,The Cars
Magic,The Cars
Blue Jean,David Bowie
Self Control,Laura Branigan
Eyes Without A Face,Billy Idol
Jump,Van Halen
Karma Chameleon,Culture Club
99 Luftballons,Nena
Against All Odds (TAKE A Look At Me Now),Phil Collins
I Just Called To Say I Love You,Stevie Wonder
Cover Me,Bruce Springsteen
Purple Rain,Prince
Break My Stride,Matthew Wilder
Caribbean Queen (NO More Love On The Run),Billy Ocean
Footloose,Kenny Loggins
Hello,Lionel Richie
Owner Of A Lonely Heart,Yes
Head Over Heels,The Go-Go’s
Thriller,Michael Jackson
Talking In Your Sleep,The Romantics
That’s All,Genesis
Missing You,John Waite
Round And Round,Ratt
Stuck On You,Lionel Richie
When Doves Cry,Prince
Love Somebody,Rick Springfield
Wrapped Around Your Finger,The Police
Got A Hold On Me,Christine McVie
Doctor! Doctor!,Thompson Twins
Ghostbusters,Ray Parker Jr.
Here Comes The Rain Again,Eurythmics
Lights Out,Peter Wolf
Pink Houses,John Cougar Mellencamp
The Longest Time,Billy Joel
Hold Me Now,Thompson Twins
Say Say Say,Paul McCartney and Michael Jackson
You Might Think,The Cars
Legs,ZZ Top
Let’s Hear It For The Boy,Deniece Williams
The Warrior,Scandal featuring Patty Smyth
Love Is A Battlefield,Pat Benatar
Oh Sherrie,Steve Perry
Sister Christian,Night Ranger
They Don’t Know,Tracey Ullman
Automatic,The Pointer Sisters
I Feel For You,Chaka Khan
On The Dark Side,John Cafferty & The Beaver Brown Band
All Night Long (ALL Night),Lionel Richie
Let The Music Play,Shannon
Sunglasses At Night,Corey Hart
The Reflex,Duran Duran
Hard Habit To Break,Chicago
If This Is It,Huey Lewis and the News
Jump (FOR My Love),The Pointer Sisters
I Can Dream About You,Dan Hartman
Lucky Star,Madonna
Somebody’s Watching Me,Rockwell
Sad Songs (SAY So Much),Elton John
An Innocent Man,Billy Joel
I Want A New Drug,Huey Lewis and the News
Infatuation,Rod Stewart
She Bop,Cyndi Lauper
Some Guys Have All The Luck,Rod Stewart
The Heart Of Rock & Roll,Huey Lewis and the News
Adult Education,Daryl Hall & John Oates
Joanna,Kool & The Gang
New Moon On Monday,Duran Duran
Say It Isn’t So,Daryl Hall & John Oates
Think Of Laura,Christopher Cross
Union Of The Snake,Duran Duran
Desert Moon,Dennis DeYoung
Miss Me Blind,Culture Club
The Glamorous Life,Sheila E.
Nobody Told Me,John Lennon
Church Of The Poison Mind,Culture Club
I Guess That’s Why They Call It The Blues,Elton John
If Ever You’re In My Arms Again,Peabo Bryson
Better Be Good To Me,Tina Turner
Rock Me Tonite,Billy Squier
State Of Shock,The Jacksons featuring Mick Jagger
Undercover Of The Night,The Rolling Stones
Almost Paradise,Mike Reno and Ann Wilson
I’ll Wait,Van Halen
Running With The Night,Lionel Richie
Breakdance,Irene Cara
I’m So Excited,The Pointer Sisters
Twist Of Fate,Olivia Newton-John
Breakin’… There’s No Stopping Us,Ollie & Jerry
The Language Of Love,Dan Fogelberg
To All The Girls I’ve Loved Before,Julio Iglesias and Willie Nelson
What’s Love Got To Do With It,Tina Turner
Let’s Go Crazy,Prince and The Revolution
I Still Can’t Get Over Loving You,Ray Parker Jr.
Take On Me,a-ha
Everybody Wants To Rule The World,Tears for Fears
Dancing In The Street,Mick Jagger & David Bowie
Summer Of ’69,Bryan Adams
Crazy For You,Madonna
Careless Whisper,Wham! featuring George Michael
I Want To Know What Love Is,Foreigner
Smooth Operator,Sade
Fresh,Kool & the Gang
Walking On Sunshine,Katrina and the Waves
The Boys Of Summer,Don Henley
Born In The U.S.A.,Bruce Springsteen
I’m On Fire,Bruce Springsteen
Suddenly,Billy Ocean
You’re The Inspiration,Chicago
Angel,Madonna
Easy Lover,Philip Bailey and Phil Collins
The Power Of Love,Huey Lewis and the News
We Built This City,Starship
Invincible,Pat Benatar
Can’t Fight This Feeling,REO Speedwagon
Run To You,Bryan Adams
Shout,Tears for Fears
Material Girl,Madonna
All I Need,Jack Wagner
Glory Days,Bruce Springsteen
One More Night,Phil Collins
Heaven,Bryan Adams
Axel F,Harold Faltermeyer
Head Over Heels,Tears for Fears
Part-Time Lover,Stevie Wonder
We Belong,Pat Benatar
Like A Virgin,Madonna
Missing You,Diana Ross
Saving All My Love For You,Whitney Houston
Everything She Wants,Wham!
Loverboy,Billy Ocean
Sussudio,Phil Collins
Freedom,Wham!
Money For Nothing,Dire Straits
Out Of Touch,Daryl Hall & John Oates
St. Elmo’s Fire (MAN In Motion),John Parr
We Are The World,USA for Africa
Would I Lie To You?,Eurythmics
A View To A Kill,Duran Duran
Raspberry Beret,Prince and The Revolution
The Heat Is On,Glenn Frey
We Don’t Need Another Hero,Tina Turner
Cherish,Kool & the Gang
What About Love,Heart
California Girls,David Lee Roth
Sea Of Love,The Honeydrippers
Separate Lives,Phil Collins and Marilyn Martin
Private Dancer,Tina Turner
I Feel For You,Chaka Khan
Dare Me,The Pointer Sisters
I Would Die 4 U,Prince
In My House,Mary Jane Girls
Rhythm Of The Night,DeBarge
Voices Carry,‘Til Tuesday
If You Love Somebody Set Them Free,Sting
The Wild Boys,Duran Duran
All She Wants To Do Is Dance,Don Henley
Obsession,Animotion
Things Can Only Get Better,Howard Jones
Cool It Now,New Edition
Nightshift,Commodores
You Belong To The City,Glenn Frey
You Give Good Love,Whitney Houston
Oh Sheila,Ready for the World
Too Late For Goodbyes,Julian Lennon
Lay Your Hands On Me,Thompson Twins
Lovin’ Every Minute Of It,Loverboy
Neutron Dance,The Pointer Sisters
Never Surrender,Corey Hart
No More Lonely Nights,Paul McCartney
The Search Is Over,Survivor
Dress You Up,Madonna
One Night In Bangkok,Murray Head
Fortress Around Your Heart,Sting
Lonely Ol’ Night,John Cougar Mellencamp
Some Like It Hot,Power Station
Lovergirl,Teena Marie
Everytime You Go Away,Paul Young
Freeway Of Love,Aretha Franklin
Smuggler’s Blues,Glenn Frey
Misled,Kool & the Gang
Pop Life,Prince & the Revolution
Get It On (BANG A Gong),Power Station
Sugar Walls,Sheena Easton
Sugar Walls,Sheena Easton
Be Near Me,ABC
Miami Vice Theme,Jan Hammer
Method Of Modern Love,Daryl Hall & John Oates
Sentimental Street,Night Ranger
Valotte,Julian Lennon
Don’t You (FORGET About Me),Simple Minds
Don’t Lose My Number,Phil Collins
Who’s Holding Donna Now,DeBarge
You’re Only Human (SECOND Wind),Billy Joel
I’m Your Man,Wham!
Nasty,Janet Jackson
You Give Love A Bad Name,Bon Jovi
Kiss,Prince and The Revolution
Something About You,Level 42
Your Love,The Outfield
I Miss You,Klymaxx
Human,The Human League
My Hometown,Bruce Springsteen
Stuck With You,Huey Lewis and the News
Baby Love,Regina
Heartbeat,Don Johnson
Sara,Starship
Danger Zone,Kenny Loggins
Higher Love,Steve Winwood
King For A Day,Thompson Twins
If You Leave,Orchestral Manoeuvres in the Dark
Walk This Way,Run–D.M.C. featuring Aerosmith
On My Own,Patti LaBelle and Michael McDonald
Take My Breath Away,Berlin
Burning Heart,Survivor
Glory Of Love,Peter Cetera
Take Me Home,Phil Collins
How Will I Know,Whitney Houston
Invisible Touch,Genesis
West End Girls,Pet Shop Boys
What You Need,INXS
Broken Wings,Mr. Mister
I Can’t Wait,Nu Shooz
True Colors,Cyndi Lauper
Holding Back The Years,Simply Red
Sweet Love,Anita Baker
Take Me Home Tonight,Eddie Money
Venus,Bananarama
Greatest Love Of All,Whitney Houston
Nikita,Elton John
Friends And Lovers,Gloria Loring and Carl Anderson
The Sweetest Taboo,Sade
Alive And Kicking,Simple Minds
Bad Boy,Miami Sound Machine
Dancing On The Ceiling,Lionel Richie
"Say You, Say Me",Lionel Richie
Small Town,John Cougar Mellencamp
Word Up!,Cameo
Addicted To Love,Robert Palmer
Conga,Miami Sound Machine
Rock Me Amadeus,Falco
These Dreams,Heart
Why Can’t This Be Love,Van Halen
Papa Don’t Preach,Madonna
Rumors,Timex Social Club
True Blue,Madonna
Amanda,Boston
Talk To Me,Stevie Nicks
Tonight She Comes,The Cars
Two Of Hearts,Stacey Q
Walk Of Life,Dire Straits
R.O.C.K. In The U.S.A.,John Cougar Mellencamp
Tender Love,Force MDs
Go Home,Stevie Wonder
Separate Lives,Phil Collins & Marilyn Martin
"When The Going Gets Tough, The Tough Get Going",Billy Ocean
Live To Tell,Madonna
Party All The Time,Eddie Murphy
Throwing It All Away,Genesis
Manic Monday,The Bangles
Sledgehammer,Peter Gabriel
We Don’t Have To Take Our Clothes Off,Jermaine Stewart
Is It Love,Mr. Mister
Living In America,James Brown
When I Think Of You,Janet Jackson
Kyrie,Mr. Mister
Life In A Northern Town,Dream Academy
Your Wildest Dreams,Moody Blues
A Different Corner,George Michael
Crush On You,The Jets
Secret Lovers,Atlantic Starr
That’s What Friends Are For,"Dionne Warwick featuring Gladys Knight, Elton John and Stevie Wonder"
Harlem Shuffle,the Rolling Stones
Sweet Freedom,Michael McDonald
All I Need Is A Miracle,Mike + The Mechanics
No One Is To Blame,Howard Jones
Typical Male,Tina Turner
Mad About You,Belinda Carlisle
What Have You Done For Me Lately,Janet Jackson
Words Get In The Way,Miami Sound Machine
Love Touch,Rod Stewart
All Cried Out,Lisa Lisa and Cult Jam
I Didn’t Mean To Turn You On,Robert Palmer
Love Zone,Billy Ocean
Tuff Enuff,Fabulous Thunderbirds
A Love Bizarre,Sheila E.
Who’s Johnny,El DeBarge
This Could Be The Night,Loverboy
Dreamtime,Daryl Hall
Let’s Go All The Way,Sly Fox
Silent Running (ON Dangerous Ground),Mike + The Mechanics
Spies Like Us,Paul McCartney
Don’t Forget Me (WHEN I’m Gone),Glass Tiger
There’ll Be Sad Songs (TO Make You Cry),Billy Ocean
Control,Janet Jackson
Livin’ On A Prayer,Bon Jovi
I Wanna Dance With Somebody (WHO Loves Me),Whitney Houston
Bad,Michael Jackson
Sign O’ The Times,Prince
Nothing’s Gonna Stop Us Now,Starship
Always,Atlantic Starr
Love You Down,Ready for the World
With Or Without You,U2
(I Just) Died In Your Arms,Cutting Crew
Is This Love,Survivor
You Got It All,The Jets
Come Go With Me,Exposé
Lean On Me,Club Nouveau
Little Lies,Fleetwood Mac
The Lady In Red,Chris de Burgh
Wanted Dead Or Alive,Bon Jovi
In Too Deep,Genesis
Stand By Me,Ben E. King
Alone,Heart
La Isla Bonita,Madonna
Someday,Glass Tiger
Diamonds,Herb Alpert
Something So Strong,Crowded House
Head To Toe,Lisa Lisa and Cult Jam
I Want Your Sex,George Michael
Let’s Go,Wang Chung
C’est La Vie,Robbie Nevil
War,Bruce Springsteen
Notorious,Duran Duran
The Way It Is,Bruce Hornsby and the Range
"Tonight, Tonight, Tonight",Genesis
Who’s That Girl,Madonna
Big Time,Peter Gabriel
It’s A Sin,Pet Shop Boys
La Bamba,Los Lobos
Only In My Dreams,Debbie Gibson
Songbird,Kenny G
I Still Haven’t Found What I’m Looking For,U2
Keep Your Hands To Yourself,Georgia Satellites
Mony Mony,Billy Idol
You Keep Me Hangin’ On,Kim Wilde
Here I Go Again,Whitesnake
I Knew You Were Waiting (FOR Me),Aretha Franklin and George Michael
Land Of Confusion,Genesis
Walk Like An Egyptian,The Bangles
Will You Still Love Me?,Chicago
Breakout,Swing Out Sister
I Just Can’t Stop Loving You,Michael Jackson with Siedah Garrett
Somewhere Out There,Linda Ronstadt and James Ingram
Victory,Kool & the Gang
Funkytown,Pseudo Echo
Shake You Down,Gregory Abbott
Brilliant Disguise,Bruce Springsteen
Big Love,Fleetwood Mac
Heart And Soul,T’Pau
Meet Me Half Way,Kenny Loggins
Open Your Heart,Madonna
Casanova,LeVert
Shakedown,Bob Seger
Everybody Have Fun Tonight,Wang Chung
Ballerina Girl,Lionel Richie
I Think We’re Alone Now,Tiffany
Touch Me (I Want Your Body),Samantha Fox
Wipe Out,Fat Boys & the Beach Boys
Just To See Her,Smokey Robinson
Mandolin Rain,Bruce Hornsby and the Range
Paper In Fire,John Cougar Mellencamp
(I’VE Had) The Time Of My Life,Bill Medley and Jennifer Warnes
Midnight Blue,Lou Gramm
Point Of No Return,Exposé
Rock Steady,The Whispers
Don’t Disturb This Groove,The System
Respect Yourself,Bruce Willis
I Heard A Rumour,Bananarama
Luka,Suzanne Vega
When Smokey Sings,ABC
Who Will You Run To,Heart
Doing It All For My Baby,Huey Lewis and the News
Rhythm Is Gonna Get You,Gloria Estefan and Miami Sound Machine
Causing A Commotion,Madonna
U Got The Look,Prince
Right On Track,Breakfast Club
Nothing’s Gonna Change My Love For You,Glenn Medeiros
The Finer Things,Steve Winwood
Lost In Emotion,Lisa Lisa and Cult Jam
Change Of Heart,Cyndi Lauper
Let Me Be The One,Exposé
Looking For A New Love,Jody Watley
(YOU Gotta) Fight For Your Right (TO Party!),Beastie Boys
At This Moment,Billy Vera and the Beaters
Can’t We Try,Dan Hill featuring Vonda Shepard
Heat Of The Night,Bryan Adams
Don’t Mean Nothing,Richard Marx
Cross My Broken Heart,The Jets
Don’t Dream It’s Over,Crowded House
Jacob’s Ladder,Huey Lewis and the News
Carrie,Europe
Didn’t We Almost Have It All,Whitney Houston
Let’s Wait Awhile,Janet Jackson
Red Red Wine,UB40
Sweet Child O’ Mine,Guns N’ Roses
Fast Car,Tracy Chapman
Wait,White Lion
Never Gonna Give You Up,Rick Astley
Is This Love,Whitesnake
Faith,George Michael
Hungry Eyes,Eric Carmen
Wishing Well,Terence Trent D’Arby
Got My Mind Set On You,George Harrison
Angel,Aerosmith
Girlfriend,Pebbles
Pour Some Sugar On Me,Def Leppard
Kokomo,The Beach Boys
The Way You Make Me Feel,Michael Jackson
Monkey,George Michael
Nothin’ But A Good Time,Poison
Candle In The Wind,Elton John
Cherry Bomb,John Cougar Mellencamp
I Hate Myself For Loving You,Joan Jett and the Blackhearts
Pink Cadillac,Natalie Cole
She’s Like The Wind,Patrick Swayze featuring Wendy Fraser
Tell It To My Heart,Taylor Dayne
Together Forever,Rick Astley
Dirty Diana,Michael Jackson
Man In The Mirror,Michael Jackson
Need You Tonight,INXS
Perfect World,Huey Lewis and the News
Love Bites,Def Leppard
The Flame,Cheap Trick
Where Do Broken Hearts Go,Whitney Houston
Always On My Mind,Pet Shop Boys
Shattered Dreams,Johnny Hates Jazz
1-2-2003,Gloria Estefan and Miami Sound Machine
Father Figure,George Michael
I Found Someone,Cher
Never Tear Us Apart,INXS
Anything For You,Gloria Estefan and Miami Sound Machine
I Want Her,Keith Sweat
What Have I Done To Deserve This?,Pet Shop Boys with Dusty Springfield
New Sensation,INXS
The Loco-Motion,Kylie Minogue
Two Occasions,the Deele
Endless Summer Nights,Richard Marx
"Get Outta My Dreams, Get Into My Car",Billy Ocean
One More Try,George Michael
Sign Your Name,Terence Trent D’Arby
When It’s Love,Van Halen
A Groovy Kind Of Love,Phil Collins
Electric Blue,Icehouse
I Don’t Want To Live Without You,Foreigner
Just Like Paradise,David Lee Roth
Nite And Day,Al B. Sure!
One Moment In Time,Whitney Houston
Make Me Lose Control,Eric Carmen
Out Of The Blue,Debbie Gibson
Roll With It,Steve Winwood
Foolish Beat,Debbie Gibson
I Still Believe,Brenda K. Starr
Rush Hour,Jane Wiedlin
Say You Will,Foreigner
Hands To Heaven,Breathe
I Don’t Wanna Go On With You Like That,Elton John
I Want To Be Your Man,Roger Troutman
Simply Irresistible,Robert Palmer
"Don’t Worry, Be Happy",Bobby McFerrin
Hold On To The Nights,Richard Marx
Make It Real,The Jets
A Hazy Shade Of Winter,The Bangles
Devil Inside,INXS
Please Don’t Go Girl,New Kids on the Block
"Wild, Wild West",The Escape Club
Piano In The Dark,Brenda Russell featuring Joe Esposito
Seasons Change,Exposé
Catch Me (I’M Falling),Pretty Poison
Don’t You Want Me,Jody Watley
The Valley Road,Bruce Hornsby and the Range
Don’t Shed A Tear,Paul Carrack
One Good Woman,Peter Cetera
Shake Your Love,Debbie Gibson
Circle In The Sand,Belinda Carlisle
Mercedes Boy,Pebbles
Nobody’s Fool,Kenny Loggins
Everything Your Heart Desires,Daryl Hall & John Oates
I Could Never Take The Place Of Your Man,Prince
I Get Weak,Belinda Carlisle
Rocket 2 U,The Jets
Naughty Girls (NEED Love Too),Samantha Fox
Bad Medicine (#1*),Bon Jovi
Don’t You Know What The Night Can Do?,Steve Winwood
I Don’t Wanna Live Without Your Love,Chicago
Don’t Be Cruel,Cheap Trick
Don’t Be Cruel,Bobby Brown
I’ll Always Love You,Taylor Dayne
Could’ve Been,Tiffany
If It Isn’t Love,New Edition
Prove Your Love,Taylor Dayne
What’s On Your Mind (PURE Energy),Information Society
Can’t Stay Away From You,Gloria Estefan and Miami Sound Machine
Stand,R.E.M.
Wild Thing,Tone Lōc
Welcome To The Jungle,Guns N’ Roses
Friends,Jody Watley with Eric B. & Rakim
Paradise City,Guns N’ Roses
Real Love,Jody Watley
I Like It,Dino
After All,Cher and Peter Cetera
So Alive,Love and Rockets
Right Here Waiting,Richard Marx
Like A Prayer,Madonna
Smooth Criminal,Michael Jackson
She Drives Me Crazy,Fine Young Cannibals
The Look,Roxette
18 And Life,Skid Row
Patience,Guns N’ Roses
Heaven,Warrant
Every Rose Has Its Thorn,Poison
If I Could Turn Back Time,Cher
Love Shack,The B-52s
Dr. Feelgood,Motley Crue
Rock On,Michael Damian
Rock Wit’cha,Bobby Brown
Satisfied,Richard Marx
Second Chance,.38 Special
Dreamin’,Vanessa Williams
Lost In Your Eyes,Debbie Gibson
Lovesong,The Cure
Walking Away,Information Society
Straight Up,Paula Abdul
When I’m With You,Sheriff
Bust A Move,Young MC
Every Little Step,Bobby Brown
Good Thing,Fine Young Cannibals
Angel Eyes,The Jeff Healey Band
I Drove All Night,Cyndi Lauper
Sowing The Seeds Of Love,Tears for Fears
What I Am,Edie Brickell & New Bohemians
Miss You Like Crazy,Natalie Cole
When I See You Smile,Bad English
Born To Be My Baby,Bon Jovi
Cherish,Madonna
Toy Soldiers,Martika
Waiting For A Star To Fall,Boy Meets Girl
Express Yourself,Madonna
All This Time,Tiffany
Close My Eyes Forever,Lita Ford and Ozzy Osbourne
If You Don’t Know Me By Now,Simply Red
My Prerogative,Bobby Brown
The End Of The Innocence,Don Henley
Wind Beneath My Wings,Bette Midler
Funky Cold Medina,Tone Lōc
"Once Bitten, Twice Shy",Great White
Soldier Of Love,Donny Osmond
Girl You Know It’s True,Milli Vanilli
Listen To Your Heart,Roxette
When The Children Cry,White Lion
Armageddon It,Def Leppard
Eternal Flame,The Bangles
Roni,Bobby Brown
The Way You Love Me,Karyn White
You Got It (THE Right Stuff),New Kids on the Block
Love In An Elevator,Aerosmith
The Living Years,Mike + The Mechanics
This Time I Know It’s For Real,Donna Summer
Buffalo Stance,Neneh Cherry
Giving You The Best That I Got,Anita Baker
Heaven Help Me,Deon Estus
Keep On Movin’,Soul II Soul
Cover Girl,New Kids on the Block
Shower Me With Your Love,Surface
Cold Hearted,Paula Abdul
Don’t Wanna Lose You,Gloria Estefan
In Your Room,The Bangles
Lay Your Hands On Me,Bon Jovi
Look Away,Chicago
Thinking Of You,Sa-Fire
Baby Don’t Forget My Number,Milli Vanilli
Hangin’ Tough,New Kids on the Block
Miss You Much,Janet Jackson
Put A Little Love In Your Heart,Annie Lennox & Al Green
On Our Own,Bobby Brown
She Wants To Dance With Me,Rick Astley
What You Don’t Know,Exposé
Batdance,Prince
Forever Your Girl,Paula Abdul
It’s No Crime,Babyface
Surrender To Me,Ann Wilson and Robin Zander
I Wanna Have Some Fun,Samantha Fox
My Heart Can’t Tell You No,Rod Stewart
Secret Rendezvous,Karyn White
Girl I’m Gonna Miss You,Milli Vanilli
Two Hearts,Phil Collins
I’ll Be There For You,Bon Jovi
The Lover In Me,Sheena Easton
When I Looked At Him,Exposé
I Remember Holding You,Boys Club
Don’t Rush Me,Taylor Dayne
I’ll Be Loving You (FOREVER),New Kids on the Block
"Baby, I Love Your Way/Freebird Medley",Will to Power